Nodes,Time,G-Folds
32,1.6487529277801514,607.391
64,1.6260590553283691,615.602
128,1.644585132598877,608.665
256,1.793504238128662,558.061
512,1.6896491050720215,592.407
