Nodes,Time,G-Folds
32,0.009050130844116211,1000000.0
64,0.00164794921875,1000000.0
128,0.0016632080078125,1000000.0
256,0.0019154548645019531,1000000.0
512,0.0016531944274902344,1000000.0
