Nodes,Time,G-Folds
32,0.006292819976806641,1000000.0
64,0.002053499221801758,1000000.0
128,0.0017387866973876953,1000000.0
256,0.0018951892852783203,1000000.0
512,0.001687765121459961,1000000.0
